,real score,implied noise
median_ratio,0.8116783235022672,
COD,19.413136229028293,0.21540114880350364
PRD,1.0234079342172273,0.1468312284146101
PRB,0.0038230443403843494,
VEI,3.288637759399529,
MKI,0.9656245954087705,0.13350426556822997
paglin72,0.7609008918900486,
cheng74,0.9502521751645878,0.15125426219300198
LC,-0.04974724386151245,0.15125307218925046
IAAO78,-5.194804733759804e-08,0.12490663467927073
gini_diff,-0.012916273400037426,0.13117650538861284
suits,-0.013829787137144223,0.13579485009925038
