noise,median_ratio,COD,PRD,PRB,VEI,MKI,paglin72,cheng74,LC,IAAO78,gini_diff,suits,COD_SE,PRD_SE,PRB_SE
0.0,1.0,0.0,1.0,0.0,0.0,1.0,1.0000000000000002,1.0000000000000013,0.0,1.5723487443609802e-21,0.0,-2.220446049250313e-16,0.0,0.0,0.0
0.01,1.0000246461981095,0.7991393006790554,0.9999816305613244,9.95243384862771e-05,0.08179202797795207,0.9999900584399347,1.0002443276105848,1.0000519746328411,5.19761470160421e-05,3.1620191026633746e-11,-4.092572486014134e-06,3.3527336625871484e-06,0.0019894836988993366,0.00014981153058164128,6.852739727319386e-05
0.02,1.0000782691897443,1.6016820250650041,1.0006340379122067,-0.000544871040579366,-0.28597506407083706,0.9990281653813926,0.9983160402614137,0.998852096948554,-0.0011479079845072712,-1.0876719947741318e-09,-0.00040035934880044977,-0.0004577165903321134,0.0036305191303187363,0.00010255841115287896,0.00013681801841043448
0.03,0.9999416517645631,2.3919673090233204,1.001001775128452,-0.0004292763473363572,-0.19911034495624583,0.9982718207133501,0.9897072293111453,0.9985752477814215,-0.001424752406916302,-1.690238035986991e-09,-0.0007121958027129782,-0.0007934095041601807,0.016806609458687602,0.00013971753432814822,0.00020557061978391673
0.04,1.0003628306572248,3.199310677112429,1.0015899195178506,-0.0007915099320753383,-0.3965485572528484,0.9973824607146567,0.9984593762454589,0.9974070965200578,-0.0025929118157031568,-2.7330105924309686e-09,-0.001079057146023521,-0.0012656855493369257,0.012204692385993988,0.0002197085814580283,0.00027462195679048897
0.05,1.0005251326426434,4.012841814390185,1.0024476650764806,-0.0014238060141822106,-0.4253990879918364,0.9959347377729961,0.9952349246176548,0.9956794586519006,-0.004320549098807304,-4.1849340298712865e-09,-0.0016770448174485697,-0.0017718737858687383,0.01635926422299084,0.000471945798383121,0.0003444285866767757
0.06,0.9989992551621432,4.856225463857839,1.0038498929059754,-0.002657473895677436,-1.00521985669807,0.9939644830527102,0.9791345628325012,0.9929201371163822,-0.007079883553965551,-6.3828823875818085e-09,-0.0024924429990402786,-0.0025494069203884084,0.014502351725688253,0.0004941631020850593,0.00041808360769879426
0.07,1.0003310207816862,5.645972707433406,1.0060002385774465,-0.003787491812779141,-1.4282008498763807,0.990457437238779,0.974198606587652,0.9901441071323194,-0.009855915565427647,-9.867326208411801e-09,-0.003950446100968286,-0.00440906919065065,0.036061024883216705,0.0004535149765814396,0.0004870149642803961
0.08,0.9992299848315298,6.536535407712715,1.0061420425322094,-0.0033321664691626078,-1.135192864464959,0.9903363906352444,0.9898811282633971,0.9892914626129268,-0.010708566776387748,-1.0449781014694247e-08,-0.003995677636716932,-0.0043750232337538275,0.01673412182061947,0.0005189423976084583,0.0005652376883246052
0.09,0.9992537452642556,7.294890992248282,1.0073365621845787,-0.004833633022127142,-1.1907820050671418,0.9883579808287665,1.002958899418974,0.9857469559432044,-0.01425307692064975,-1.2859096840193625e-08,-0.004817393920863999,-0.004690844009858974,0.03776657684445828,0.0007381762780209575,0.0006328549924776171
0.1,0.9991143087118444,8.120033809167047,1.0104819603007575,-0.006303982322009097,-2.156242167633168,0.9830060635691797,0.9922240635755729,0.9820894234906505,-0.017910598365783896,-1.8007987582979737e-08,-0.007059455488111377,-0.0075135589976353945,0.037271470847497885,0.0005213508381525082,0.0007045224577646662
0.11,0.9995997596188895,9.060096577710647,1.0129759278281203,-0.007321193475142974,-2.4955376220329035,0.9799888990386372,0.9128657750629676,0.9786410557822164,-0.021359003677046667,-1.9058957250251267e-08,-0.008322921356929136,-0.009062436161694887,0.034053611646971786,0.0006925308401475238,0.0007918520827645319
0.12,1.0003849456539256,9.847410303875073,1.0143758467018844,-0.008986314230450872,-3.2775485988717543,0.9773049672926034,1.0005834968976588,0.9742105123462442,-0.025789546960945226,-2.5303836239099623e-08,-0.009446879513444806,-0.009835685909390879,0.039993716657388316,0.0009340545319339003,0.0008622685093264725
0.13,1.0006366626763297,10.73775724121517,1.01698527381401,-0.011370069706659656,-3.9532956991221413,0.9740564746635331,1.0068880556392803,0.9687195544330145,-0.031280531064390334,-3.0749034303935516e-08,-0.010810483602600174,-0.010965111419168894,0.032149283711039964,0.0010952495659507576,0.0009515615710840836
0.14,0.999059128739963,11.614176521286982,1.0231933700342528,-0.013980349097120603,-4.801144443321099,0.9652683304018087,0.905732111793227,0.9630486609936286,-0.03695144584137445,-3.373082316215773e-08,-0.014572580977165073,-0.016222026783988985,0.06305375972179378,0.0020834952814042015,0.001032559687022731
0.15,1.0016619824195776,12.590267849593163,1.02532072490304,-0.01633930156534341,-5.038221058430063,0.9615021335174128,0.9506519337559596,0.9569278019504902,-0.04307229304194869,-4.103696170666927e-08,-0.016173826326508545,-0.01685577907158131,0.12502376743728205,0.0012250014393703102,0.0011259396465316228
0.16,0.9989984958782394,13.643241191676864,1.0267855745008059,-0.016562049324031023,-5.13408962479935,0.9601875626050803,0.9781125481033827,0.953233973518012,-0.04676616777330051,-4.5732616913307366e-08,-0.016693474983401124,-0.017320040130256675,0.05088909401353834,0.0015892136240032953,0.001229737120272298
0.17,0.9978275237686806,14.311420779653288,1.031540416826614,-0.018395930365751822,-5.8772077179139846,0.9534748360557975,0.9385893300683883,0.9486738591702997,-0.05132627380898296,-4.978285899552833e-08,-0.019614713158258912,-0.021343666454670895,0.07347116347533485,0.001276999673083976,0.001291012394037937
0.18,1.003313979389953,15.341529893139374,1.0356277766919384,-0.02287022741091869,-7.6064132728494585,0.9481075163029438,0.9660231601120868,0.9399657560070875,-0.06003443275530038,-5.980458415120066e-08,-0.02193381447607412,-0.022817987051152677,0.09395119950585637,0.0009182765857159068,0.0013949641748661602
0.19,1.0000201106320188,16.775684483084394,1.0436731576168359,-0.02787647923474657,-9.114355307561649,0.938222591224798,0.9293006054455829,0.9290887746587684,-0.07091143145189356,-6.932988342621091e-08,-0.02625988689639014,-0.02756184170527276,0.10894549734493833,0.0028182286440538917,0.00155704240948621
0.2,0.9998420752142956,17.73231654164844,1.0446338040553393,-0.0276248310874632,-7.850157521725082,0.9368742069448275,0.9862280073355282,0.9256935445004829,-0.07430665385727765,-8.044496346775435e-08,-0.026790548477954035,-0.027335082461638516,0.09745702655804961,0.0017236996858469157,0.001674415509053153
0.21,1.0022260013688444,18.658919113274198,1.0522030747054485,-0.03334866855690695,-10.45385689665078,0.9292407705636065,0.9466948770344087,0.916021821732048,-0.083978449517648,-8.538319320274787e-08,-0.030181956598940296,-0.031053753840388998,0.12775313753985013,0.002692006891785479,0.0018792259388454957
0.22,0.9989716493613442,19.576461920340755,1.0597892125593193,-0.036857681610734654,-10.729573927637976,0.9188986264300453,0.9125634423064706,0.9081833757140848,-0.09181688950888556,-9.071158633448875e-08,-0.034852136136421574,-0.03666825364641335,0.12963998176626548,0.0012904069871681819,0.0019061699837506817
0.23,0.9995793968879789,21.288491877563718,1.0691927029326007,-0.044791582446523495,-11.225728607427484,0.9123043939352966,0.8826578936337095,0.8954546873085952,-0.10454576495548107,-9.9730674598047e-08,-0.037753080020634044,-0.03922526308033114,0.1091200269262987,0.002966414899956038,0.00243295014918586
0.24,0.997454651794095,22.08003679221045,1.0736801740607718,-0.04714710786531535,-11.83564335867474,0.9073189610340036,0.8796576000799792,0.8906515014860139,-0.10934895401363083,-1.0579825314578951e-07,-0.0400157239854102,-0.041643091992178416,0.2470180000045125,0.0052468444744859,0.0027098370491136304
0.25,1.0011337856863691,23.269764739989427,1.0798099370672194,-0.05116012448694681,-12.570227948516786,0.9012039410930899,0.8432576388048145,0.8811365787130372,-0.11886393894883121,-1.0755412241190973e-07,-0.042771064916701906,-0.04399147171792972,0.3808878059991941,0.0032208411539288682,0.002553401347660699
