noise,median_ratio,COD,PRD,PRB,paglin72,cheng74,IAAO78,gini_diff,suits
0.0,1.0,0.0,1.0,0.0,1.0000000000000013,1.0000000000000056,-2.408424860912789e-21,0.0,0.0
0.01,1.0000114949401842,0.7998230675779086,1.0001077640932077,-8.187790227253174e-05,0.9998493867035853,0.9997957018954914,-1.7549655144529727e-10,-6.924142437145787e-05,-6.907544029949308e-05
0.02,0.9999205385075298,1.597286536661892,1.0003849728984935,-0.0002225009442739915,1.0002585996974895,0.9993350498909173,-6.29026205636702e-10,-0.0002512789104045732,-0.00026860927401397563
0.03,1.0000219896008171,2.394590160716677,1.000868945696401,-0.0005668503013593653,1.0006596414186715,0.9984178001867818,-1.4212584204641183e-09,-0.0005640307756813679,-0.0005804470005876139
0.04,0.9998927197384513,3.205686375793642,1.0015861779865394,-0.0009076829561395124,0.9954116234488968,0.9973166760368324,-2.5677753117265857e-09,-0.0010238889557338204,-0.0010943346283531774
0.05,1.000055820565914,3.991094883878585,1.0023707577788068,-0.0014160151780006028,1.001330003920641,0.9958323972109465,-3.892629409971591e-09,-0.0015357502593570604,-0.0016109714659555685
0.06,0.9999949982354327,4.812239174938344,1.0033933679470626,-0.0021591110382563,1.0073459159777758,0.9938277151830647,-5.65403577502756e-09,-0.0021754540623502017,-0.0022340070076561245
0.07,1.0001596472164755,5.634921077718516,1.0049338616192225,-0.002969359731863693,0.9932870557363138,0.9915487166777991,-7.997021378466484e-09,-0.003183232106240985,-0.0033555188122878833
0.08,0.9994514153018603,6.46995371248461,1.0063882436447296,-0.003674748965161196,0.9820581501728226,0.9892425457299228,-1.0136337835687866e-08,-0.004084599152989821,-0.004353689284927254
0.09,1.000036839533702,7.291656668265214,1.008551146606346,-0.005188202520968915,0.9879688216015603,0.9856756374141751,-1.3803297244259685e-08,-0.0054706103769906365,-0.0058303181213803955
0.1,1.0000829767016934,8.159228722880034,1.0102605249495558,-0.0060290763114021016,0.9830076537672167,0.9828659956646856,-1.6412467669253826e-08,-0.006457543735828364,-0.0069021330290720325
0.11,0.9999033118205223,8.981872867936932,1.0120234328365814,-0.006896362907640239,0.9883553981130893,0.9798778365513872,-1.9548078947255973e-08,-0.007620047317167389,-0.008005170836285047
0.12,1.0006388287132144,9.878280105008095,1.0153269386832737,-0.00902983475845891,0.9655622443861299,0.9749179052219489,-2.3879490267172107e-08,-0.009493989252553448,-0.010188679262225086
0.13,1.000006287043936,10.739075287627433,1.0178947772248716,-0.01090368243863207,0.9778553925785192,0.9702503128860827,-2.877842459635247e-08,-0.011083595172519023,-0.011661458080228226
0.14,1.0010176484894806,11.630726338914922,1.021453128893699,-0.012603311629255112,0.9534796640626082,0.9655908356843164,-3.2780999547660776e-08,-0.01323686110669089,-0.014153832316556291
0.15,1.0002421597578648,12.561035748697407,1.0245266732436553,-0.014586014334382011,0.9506337936852528,0.960545840759948,-3.7404101342113554e-08,-0.014832580663098583,-0.01579348222642727
0.16,1.0005367192998496,13.483184904847374,1.028165153782596,-0.016938616498270716,0.9518880556111988,0.95473563424103,-4.3392160878521715e-08,-0.01699341378811159,-0.01790736300936242
0.17,1.000703047329024,14.42963589489049,1.032216022528617,-0.019795395557081635,0.9459382753596268,0.9484646350385638,-4.947919930892078e-08,-0.019126158792667415,-0.020076550560128824
0.18,0.9998024632350171,15.48687116349154,1.036455139970437,-0.022310992749443436,0.9512435676409094,0.9419179775434273,-5.663635340950218e-08,-0.021414718973225333,-0.02234558629006318
0.19,1.0001266177857846,16.448640091932866,1.0419292837855194,-0.02496877159407717,0.9385575876253736,0.9354263484601475,-6.408159549740228e-08,-0.024510593984993022,-0.025985357708521017
0.2,1.000289540057368,17.498339874830382,1.0466544147136356,-0.028364606138815297,0.945704103857115,0.9282691836080742,-7.250150809879902e-08,-0.026776437748298167,-0.028124239816764394
0.21,1.0001180545730637,18.635030281454725,1.0525146753243608,-0.032023213295701104,0.9130061038407803,0.9201278243305808,-7.667848681990538e-08,-0.029653420150824172,-0.030867199909983302
0.22,0.9992387558631309,19.722680125169383,1.0583732196433053,-0.035291159818367016,0.9160074444003079,0.9123319150899416,-8.655412012974518e-08,-0.03243503792037068,-0.03378341986459436
0.23,0.9999922936951906,21.005210911475707,1.0655576415322368,-0.03996733632809686,0.911415880056281,0.9031333672937116,-9.689998445565826e-08,-0.035239497140890766,-0.03631591476194116
0.24,0.9989327073756844,22.177037460315812,1.071847194263259,-0.044184167604059056,0.9224526619016592,0.8947377329844366,-1.0905124053530166e-07,-0.037918360278011584,-0.038862039062121066
0.25,0.9998658513217633,23.4969556763805,1.0819341619303962,-0.05074148893102901,0.8897530998776058,0.8840558372645125,-1.1778191427509857e-07,-0.04186628605817313,-0.04296728916744006
